file,bs,mbs,RPD,RPDS
50_20_01,595260,637747,7.1375533380371605,9.97806000739173
50_20_02,622342,664602,6.790478547165384,10.48501734844614
