file,bs,mbs,RPD,RPDS
50_20_01,595260,603742,1.4249235628128885,2.794319569039859
50_20_02,622342,629981,1.2274601424939986,2.6835941224171487
