SLS,ARPD100, ARPD50,ARPDALL
TABU,37.90394,16.29096,27.05677
ILS,27.30536,10.77589,19.040625